{
  "prestigeTimeDiff": 2.0166666666666657,
  "gtShareDiff": 0.5999999999999979
}